idfuncionario,periodo,probability
461,sep-21,1
588,oct-21,0.2
400,nov-21,0.5
215,dic-21,0.666666667
900,ene-22,0.866666667
1823,feb-22,0.1
1168,mar-22,0.2
1111,abr-22,0.5
1933,may-22,0.666666667
1829,jun-22,0.2
180,jul-22,0.5
823,ago-22,0.1
1775,sep-22,0.666666667
1738,oct-22,0.2
1687,nov-22,0.5
1265,dic-22,0.666666667
1801,ene-23,0.866666667
640,feb-23,0.666666667
